{"0": 6.967784746008328, "1": 0.542, "2": 0.30000000000000004, "3": 0.38, "4": 0.9650000000000001}